Name of Issuer,Title of class,CUSIP,(x$1000),Prn Amt,Prn,Call,Dscretn,Managers,Sole,Shared,None 
------------------------------,----------------,---------,--------,-------------,---,----,-------,------------,--------,--------,--------
,,,,,,,,,,,
Test Name,COM,112ABC44,786,11234,SH,Call,Discretion,Managers,Sole,Shared,None
Test Name,COM,112ABC44,786,11234,SH,Call,Discretion,Managers,Sole,Shared,None
Test Name,COM,112ABC44,786,11234,SH,Call,Discretion,Managers,Sole,Shared,None
Test Name,COM,112ABC44,786,11234,SH,Call,Discretion,Managers,Sole,Shared,None
Test Name,COM,112ABC44,786,11234,SH,Call,Discretion,Managers,Sole,Shared,None
Test Name,COM,112ABC44,786,11234,SH,Call,Discretion,Managers,Sole,Shared,None
Test Name,COM,112ABC44,786,11234,SH,Call,Discretion,Managers,Sole,Shared,None
Second Test,COM,112ABC44,786,11234,SH,Call,Discretion,Managers,Sole,Shared,None
Second Test,COM,112ABC44,786,11234,SH,Call,Discretion,Managers,Sole,Shared,None
Second Test,COM,112ABC44,786,11234,SH,Call,Discretion,Managers,Sole,Shared,None
